total_return,cagr,volatility,sharpe,max_drawdown,win_rate,profit_factor,trades,exposure,split,strategy,fast,slow,token,interval
-99.88892465499578,-93.04687397279389,27.05708388873191,-6.593660920573974,-99.88892465499578,0.47374654559810503,0.0015188976277355586,2533,7.132438431455449,all,EMA_CROSS,8,20,RELIANCE,minute
-99.88892465499578,-97.77417326683154,31.116179544819012,-8.183216856955633,-99.88892465499578,0.47374654559810503,0.0015188976277355586,2533,10.189228529839884,train,EMA_CROSS,8,20,RELIANCE,minute
-99.85918012499583,-99.9814986873369,35.72048718842441,-16.215034432314322,-99.85918012499583,0.7664380798709157,0.0037443130814113004,2479,32.09786070633333,test,EMA_CROSS,8,20,RELIANCE,minute
